{
  "car_type": "jac_s811",

  "comment_1": "schedule params",
  "plan_time": 0.1,

  "comment_2": "car params",
  "front_overhanging": 0.924,
  "rear_overhanging": 0.947,
  "wheel_base": 2.7,
  "mirror_width": 0.2,
  "car_width": 1.89,
  "steer_ratio": 16.5,
  "arc_line_shift_steer_angle_deg": 2.5,
  "c1": 0.3790,
  "detection_distance": 2.5,
  "lat_inflation": 0.1,
  "car_vertex_x_vec": [3.187342,  3.424531,  3.593071,  3.593071,  3.424531,  3.187342,
            2.177994,  1.916421,  1.96496,   -0.476357, -0.798324, -0.879389,
            -0.879389, -0.798324, -0.476357, 1.96496,   1.916421,  2.177994],
  "car_vertex_y_vec": [0.887956,  0.681712, 0.334651,  -0.334651, -0.681712, -0.887956,
            -0.887956, -1.06715, -0.887956, -0.887956, -0.706505, -0.334845,
            0.334845,  0.706505, 0.887956,  0.887956,  1.06715,   0.887956],

  "comment_3": "slot params",
  "normal_slot_length": 5.2,

  "comment_4": "check finish params",
  "finish_lat_err": 0.08,
  "finish_lat_err_strict": 0.036,
  "finish_lon_err": 0.2,
  "finish_heading_err": 0.88,

  "comment_5": "check fail params",
  "stuck_failed_time": 9.0,

  "comment_6": "check static params",
  "car_static_pos_err": 0.005,
  "car_static_velocity": 0.01,
  "car_static_keep_time_by_pos": 1.5,
  "car_static_keep_time_by_vel": 0.5,

  "comment_7": "uss params",
  "safe_uss_remain_dist_in_slot": 0.35,
  "safe_uss_remain_dist_out_slot": 0.6,
  "uss_stuck_replan_wait_time": 2.5,
  "uss_scan_angle_deg": 60.0,
  "uss_corner_scan_angle_gain": 1.0,
  "uss_face_scan_angle_gain": 1.0,
  "uss_vertex_x_vec": [3.187342,  3.424531,  3.593071,  3.593071,  3.424531,  3.187342,
                      -0.476357, -0.798324, -0.879389, -0.879389, -0.798324, -0.476357],
  "uss_vertex_y_vec": [0.887956,  0.681712,  0.334651,  -0.334651, -0.681712, -0.887956,
                      -0.887956, -0.706505, -0.334845, 0.334845,  0.706505,  0.887956],
  "uss_normal_angle_deg_vec": [170.0, 130.0, 92.0,  88.0, 50.0,  8.0,  352.0, 298.0,
                                275.0, 264.0, 242.0, 187.0],
  "uss_wdis_index_front": [0, 9, 6, 3, 1, 11],
  "uss_wdis_index_back": [0, 1, 3, 6, 9, 11],

  "comment_8": "check replan params",
  "stuck_replan_time": 4.0,
  "max_replan_remain_dist": 0.2,

  "comment_9": "construct t_lane params",
  "vacant_pt_outside_dx": 0.5,
  "vacant_pt_outside_dy": 0.3,
  "vacant_pt_inside_dx": 0.8,
  "vacant_pt_inside_dy": 0.6,
  "occupied_pt_outside_dx": 0.2,
  "occupied_pt_outside_dy": 0.0,
  "occupied_pt_inside_dx": 0.3,
  "occupied_pt_inside_dy": 0.0,
  "nearby_slot_corner_dist": 0.6,
  "force_both_side_occupied": true,
  "width_threshold": 0.1,

  "comment_10": "construce obstacles params",
  "channel_width": 12.28,
  "channel_length": 12.28,
  "max_obs2car_dist": 1.2,
  "obstacle_ds": 0.5,
  "col_obs_safe_dist": 0.6,

  "comment_11": "terminal pose params",
  "terminal_target_x": 1.35,
  "terminal_target_y": 0.0,
  "terminal_target_x_to_limiter": 0.15,

  "comment_12": "dynamic update path params",
  "car_to_limiter_dis": 1.0,
  "pose_y_err": 0.15,
  "pose_heading_err": 6.6,
  "pose_slot_occupied_ratio": 0.48,
  "pose_min_remain_dis": 2.18,

  "comment_13": "slot update params when parking",
  "fix_slot_occupied_ratio": 0.938,

  "comment_14": "slot update params when replan",
  "uss_slot_occupied_ratio": 0.25,
  "path_heading_slot": 55.5,
  "path_pos_err": 6.6,
  "last_update_slot_occupied_ratio": 0.836,

  "comment_15": "path planner params",
  "min_turn_radius": 5.5,
  "max_radius_in_slot": 12.66,
  "min_radius_out_slot": 7.8,
  "max_one_step_arc_radius": 8.5,
  "radius_eps": 0.01,
  "min_line_length": 0.3,
  "min_one_step_path_length": 0.6,
  "prepare_line_min_x_offset_slot": 7.2,
  "prepare_line_dx_offset_slot": 0.1,
  "prepare_line_max_x_offset_slot": 9.7,
  "prepare_line_max_heading_offset_slot_deg": 8.8,
  "prepare_line_dheading_offset_slot_deg": 1.0,
  "prepare_line_min_heading_offset_slot_deg": 0.0,
  "static_pos_eps": 0.01,
  "static_heading_eps": 0.18,
  "path_extend_distance": 0.3,
  "mono_plan_enable": false,
  "multi_plan_min_lat_err": 0.5,
  "multi_plan_min_heading_err": 12.0,
  "multi_plan_max_occupied_ratio": 0.8,
  "adjust_plan_max_lat_err": 1.2,
  "adjust_plan_max_heading1_err": 50.0,
  "adjust_plan_max_heading2_err": 70.0,

  "comment_16": "slot managent params",
  "lon_dist_mirror_to_rear_axle": 1.844,
  "lat_dist_mirror_to_center": 1.135,
  "max_slots_update_angle_dis_limit_deg": 36.6,
  "max_slot_boundary_line_angle_dif_deg": 10.0,
  "max_slot_update_lon_dif_slot_center_to_mirror": 2.26,
  "min_slot_update_lon_dif_slot_center_to_mirror": 0.35,
  "res_limiter": 0.45,
  "terminal_length": 1.2,
  "res_distance": 1.7,
  "min_limiter_update_occupied_ratio": 0.4,
  "max_limiter_update_occupied_ratio": 0.6,
  "limiter_update_occupied_ratio": 0.6,
  "limiter_length": 0.0,
  "slot_occupied_ratio_max_lat_err": 0.9,
  "slot_occupied_ratio_max_heading_err": 75.0,

  "comment_17": "gen output params",
  "max_velocity": 0.6
}